{"glitches":0.5,"avg_jump":3.5425714286,"jump_std":4.5570107461,"toggle_rate":98.4924623116,"bitflip_rate":1.4177249167,"entropy":3.9972199694,"median_jump":3.55,"max_time_diff":43500.0}