{"thresholds":{"glitches":0.5,"avg_jump":3.5425714286,"jump_std":3.3563828927,"toggle_rate":98.4924623116,"bitflip_rate":1.4177249167,"entropy":3.9972199694,"median_jump":3.55,"max_time_diff":43500.0},"label_distribution":{"original":{"trusted":4,"trojan":7},"auto":{"trusted":4,"trojan":7}},"detection_metrics":{"true_positives":6,"false_positives":1,"true_negatives":3,"false_negatives":1},"feature_analysis":{"glitches":{"trusted_mean":0.0,"trojan_mean":0.0,"separation":0.0,"threshold":0.5},"avg_jump":{"trusted_mean":2.322244898,"trojan_mean":4.7106901275,"separation":2.3884452296,"threshold":3.5425714286},"jump_std":{"trusted_mean":2.9291319627,"trojan_mean":2.93015395,"separation":0.0010219873,"threshold":3.3563828927},"toggle_rate":{"trusted_mean":98.1411913939,"trojan_mean":62.4097544628,"separation":-35.7314369311,"threshold":98.4924623116},"bitflip_rate":{"trusted_mean":1.2498423371,"trojan_mean":1.3602210945,"separation":0.1103787574,"threshold":1.4177249167},"entropy":{"trusted_mean":3.5778941046,"trojan_mean":3.5379426419,"separation":-0.0399514626,"threshold":3.9972199694},"median_jump":{"trusted_mean":1.75,"trojan_mean":3.7142857143,"separation":1.9642857143,"threshold":3.55},"max_time_diff":{"trusted_mean":25000.0,"trojan_mean":313571.4285714286,"separation":288571.4285714286,"threshold":43500.0}}}